,Real Price,Predicted Price
4902,625000,652113.7483333333
576,140000,142555.0
2302,280000,277111.6666666667
2125,720000,903717.5
1501,550000,402024.0
5071,345000,342667.7833333333
5215,459000,496333.3333333333
824,280000,307743.37333333335
1679,375000,356305.8333333333
5285,465000,497450.8333333333
2933,2450000,2600100.8333333335
956,275000,337876.8242857143
2616,590000,587214.9925
3547,870000,840756.6666666666
1164,400000,337171.6666666667
616,330000,353698.99583333335
1670,500000,508335.0
4291,335000,397416.6666666667
4102,420000,708191.7533333333
2264,360000,339684.1666666667
4736,950000,937511.3333333334
1945,325000,314851.98
2098,530000,417972.94666666666
4095,430000,403316.4875
5135,1900000,337357.56833333336
1917,375000,435812.9166666667
2800,1065000,913904.2258333333
5247,349000,253759.16416666665
4288,300000,252648.32916666666
3661,185000,204311.66666666666
4781,240000,170231.24916666668
4047,250000,317845.0
1236,790000,711525.0
3684,310000,218703.33333333334
5174,145000,148679.9875
4232,225000,169386.66416666665
4833,975000,775917.9166666666
2068,660000,537820.8483333334
1077,249000,197916.66666666666
4328,310000,437045.8325
3281,625000,627958.7975
2760,265000,367562.36333333334
4782,333000,399797.5
2983,435000,431417.9166666667
2664,270000,264828.3483333333
2268,425000,453170.1566666667
3292,450000,470848.3333333333
322,1125000,1025879.6683333333
4650,875000,843987.5
91,200000,220912.54166666666
1405,280000,494703.053888889
1392,320000,395853.79583333334
3803,150000,261527.22166666668
3495,635000,679986.6608333334
1231,145000,86016.66666666667
849,440000,446390.5477777778
3773,1551000,1174205.0
2963,475000,425334.1125
188,170000,125970.92583333333
3127,449000,428899.16583333333
50,475000,425719.1666666667
2126,600000,551100.0
947,355000,424861.6666666667
1,1338000,961815.0
2013,370000,415430.75666666665
1130,250000,282050.8333333333
1511,175000,217930.0
2901,521000,561129.7533333333
3735,375000,415804.7291666667
1929,435000,288809.98083333333
373,280000,316311.25
1598,1850000,1827256.4583333333
2624,181000,151293.935
1766,225000,153892.49833333332
2645,695000,699968.1666666666
1703,225000,194509.98083333333
4477,725000,720742.49
652,549000,731660.0
2631,311000,310588.3333333333
5064,2050000,1972115.575396825
3586,265000,283355.8333333333
3313,400000,417195.75
848,425000,565325.8333333334
4872,765000,688440.0
4767,725000,626997.5
4771,430000,446957.07916666666
2955,300000,279671.915
2672,180000,202856.25
489,1750000,1598777.2691666668
4219,850000,841013.3333333334
2089,425000,610815.6475
3412,250000,397147.5
3378,625000,524398.25
5090,450000,402700.8333333333
4623,4500000,2105660.0
809,180000,170816.66666666666
3975,1375000,1430178.3316666668
2874,120000,138886.24916666668
293,64999,93197.5
2532,550000,730471.135
3261,550000,530345.22
2314,350000,347563.61083333334
1342,300000,347285.4166666667
5085,460000,393725.83
1987,1399999,1048413.0505555554
1958,375000,350966.6666666667
2041,460000,531254.66
985,60000,39655.833333333336
383,1550000,1374680.2325
1775,375000,230706.18055555553
2269,1050000,886351.7833333333
2878,560000,533673.3333333334
1891,590000,761482.4983333333
4129,275000,363293.37
30,780000,459559.1666666667
2512,465000,449605.0
471,975000,917505.8333333334
4916,1850000,1806271.1805555557
2252,195000,164263.0
1126,148000,183915.395
180,415000,379877.5
5250,449000,546376.6666666666
447,247000,326608.3333333333
3144,910000,835321.5583333333
4195,875000,896734.5825
5072,275000,445901.5825
4709,625000,621795.0
3537,71000,91879.58333333333
1554,600000,461052.9925
2641,170000,176358.32416666666
3417,210000,262452.7775
3800,320000,368586.5416666667
580,5600000,3231442.5
5173,1400000,1468181.5341666667
3590,680000,717599.9191666667
3619,100000,128696.24333333333
1429,158000,155757.08333333334
3176,279999,320793.09
2266,225000,209322.08333333334
138,180000,156492.29166666666
739,360000,345796.06833333336
4136,360000,310083.3333333333
906,310000,324046.6666666667
4123,325000,213959.5775
4322,620000,606525.75
1352,285000,249998.33333333334
1640,305000,251217.03666666665
4653,1200000,873988.3216666667
2029,250000,216951.33333333334
770,120000,106783.33333333333
3132,345000,364977.28
4686,480000,483990.0
4021,260000,274931.4355555555
2790,255000,234527.22222222225
2598,140000,130685.5
184,995000,864548.3316666667
2086,275000,249000.4365079365
669,191000,226042.5
3473,265000,335424.16583333333
1108,1700000,1080210.1908333334
465,130000,206151.66333333333
438,435000,465776.6666666667
3595,350000,383897.4975
1878,525000,247652.775
942,510000,546041.6666666666
575,5500000,3641112.3983333334
591,180000,182101.59833333333
3476,2700000,2887918.3325
4516,775000,606830.9125
2087,675000,638066.6666666666
2746,525000,558908.3333333334
498,250000,261718.33333333334
389,730000,694942.5
3550,285000,257667.49083333334
2916,550000,509713.32916666666
1031,188000,259970.2775
4710,575000,573730.8333333334
2740,811000,1020519.1666666666
2360,395000,273487.5397222222
4786,170000,167270.33333333334
2232,1150000,795414.9991666666
504,635000,691826.9641666666
4278,1269000,1051322.5
1992,1600000,1310916.6666666667
1730,440000,481576.0183333333
2010,310000,332502.49333333335
3744,435000,222260.83333333334
4745,975000,789705.0
1649,365000,314532.52
1541,1850000,1780609.0508333333
4081,490000,521756.66333333333
460,360000,382000.0
3768,250000,183012.39666666667
2681,425000,807714.8283333334
2458,600000,706293.2858333334
2038,425000,417229.1666666667
564,185000,216385.8325
3907,445000,508976.19
3710,420000,281757.5
1059,785000,781680.8333333334
4750,950000,876475.0
2601,785000,601073.3055555556
1610,535000,520225.0
4112,225000,237590.09916666665
547,210000,214130.24583333332
5254,350000,261371.66666666666
1533,45000,373995.0416666667
3022,330000,362885.02416666667
3914,335000,666761.2766666666
2996,450000,430619.99833333335
1913,235000,224572.91583333333
4934,385000,455776.6666666667
2981,510000,600418.7516666667
2833,350000,386671.6641666667
1779,450000,364213.3333333333
1308,700000,748103.885
1394,450000,607467.5833333334
2680,790000,784440.6666666666
190,1675000,922991.485
902,430000,455550.4166666667
2588,210000,273197.5
2195,378000,349740.00083333335
3128,525000,534630.0025
3000,150000,403132.2125
4213,460000,499925.81
760,625000,577619.1666666666
468,440000,442853.9122222222
3718,255000,184958.54083333333
4997,990000,628919.3783333333
1446,315000,286189.6225
4718,535000,572055.7483333333
808,37000,55775.0
1106,200000,230406.24916666668
2407,991000,653605.0
2334,800000,649276.3888888889
4397,295000,249899.5825
4830,499000,783215.8333333334
374,375000,429640.8333333333
2450,310000,344580.36666666664
1066,79999,80630.12
1104,200000,202515.7575
265,675000,734620.5858333333
2974,150000,112841.01833333333
4861,825000,774822.8333333334
4460,625000,551235.8983333333
3900,97000,125517.5
1825,750000,652321.1625
1128,1075000,432080.8333333333
3589,925000,845327.4933333333
2446,851000,750509.1458333334
4594,475000,457304.1666666667
1479,35000,44432.5
638,425000,511588.61111111107
744,590000,471277.1666666667
1432,155000,170893.33083333334
2454,225000,232336.47944444444
3323,850000,933083.3333333334
372,2750000,2827846.5
4644,625000,478902.50166666665
3013,615000,676434.3055555555
3632,229000,428634.1666666667
1212,15000,121769.52666666667
3849,145000,225454.7205555555
4467,325000,276340.6913888889
4819,725000,693466.9166666666
3220,725000,630834.75
842,950000,898973.24
2000,285000,360957.77777777775
5248,469000,471968.3333333333
1409,320000,260425.0
4867,1650000,947797.04
2378,558000,508294.465
2551,195000,283059.91583333333
2357,1980000,1503374.5508333333
3859,800000,823535.47
4562,625000,626806.3166666667
2342,450000,364018.3325
5099,530000,495190.7633333333
4409,710000,601819.1661904763
4380,189000,163257.5
4634,300000,276335.0
2265,800000,745775.8416666667
3937,460000,526971.6666666666
4869,890000,937403.75
4227,460000,499925.81
3194,275000,253692.67857142855
1218,15000,444621.37083333335
3141,900000,1066298.3316666668
1754,675000,383716.1102777778
1773,490000,510477.3308333333
3351,250000,300486.94416666665
1668,213000,184279.9875
22,2449000,2724330.0
166,365000,340614.10583333333
1621,835000,705356.1266666668
792,218000,248237.40083333335
3824,350000,846474.4166666666
4446,615000,592358.3333333334
1012,420000,201499.16666666666
311,1096999,945978.5425
5180,3600000,2723627.3333333335
624,585000,556505.0
3231,351000,444601.775
970,310000,323233.9612698413
4812,225000,212423.33
1045,890000,957751.6666666666
3366,210000,254349.58333333334
5098,2550000,2577880.0
2646,370000,333146.025
2555,851000,927690.4766666667
286,875000,1120239.1658333333
3789,175000,202367.5
1955,1620000,1236905.0
2057,375000,376711.6666666667
5049,2500000,1423480.4958333333
1792,155000,118404.16666666667
312,1094999,945978.5425
5138,610000,594604.5091666667
4500,265000,285568.8988095238
42,265000,252948.4722222222
3175,481000,490806.6666666667
3927,351000,578403.3333333334
4231,150000,131350.5
4968,160000,158315.83333333334
2035,855000,765231.4033333333
3854,130000,175663.33333333334
630,6500000,4895408.333333333
2321,225000,124752.32083333333
862,250000,271105.8333333333
3481,330000,552727.5773809524
115,500000,628126.9758333333
682,875000,775529.6433333333
860,300000,288556.875
3700,160000,208467.5
959,470000,667951.0808333333
3784,200000,223264.16666666666
3458,250000,265123.3333333333
1967,395000,380375.3563095238
1875,235000,193014.66666666666
480,175000,167374.1575
390,545000,664907.4983333333
881,425000,509589.5833333333
4629,2550000,2577880.0
362,390000,738030.8275
582,650000,785512.5
416,500000,361368.3333333333
2203,360000,447822.6830555556
2081,499999,442557.50083333335
2738,85000,101200.5925
4638,950000,839379.5241666667
2435,1275000,1257790.8333333333
2048,170000,180854.58333333334
2239,770000,751370.0
3177,115000,171550.83
405,855000,1233220.8241666667
647,825000,688004.8683333333
3992,340000,364568.5183333333
4558,550000,516470.555
4655,810000,852586.4991666666
4642,675000,535014.4427777778
1096,125000,151332.825
1427,475000,457198.3333333333
2100,675000,407660.9116666667
4733,650000,623475.7325
875,375000,335189.0677777778
4317,430000,430549.1666666667
2054,295000,292831.6666666667
485,495000,488775.0
2335,320000,217165.0
4555,450000,609565.7275
4664,485000,533714.995
1322,70000,97977.5
3752,525000,673189.1666666666
302,300000,329776.83666666667
2523,275000,329641.6666666667
3790,775000,735890.075
181,585000,479719.1666666667
442,400000,450473.7841666667
2546,525000,543506.6666666666
3377,275000,346000.6508333333
192,690000,747364.1666666666
3365,550000,745658.5
3421,90000,183892.47
2099,425000,358300.81583333336
3526,895000,882327.5
300,480000,537483.8
2815,1600000,999848.4766666667
5187,1625000,1770085.7758333334
3116,775000,703934.5416666666
791,1750000,1236247.4991666668
2884,290000,514066.47833333333
3207,411000,476415.0
3810,780000,699977.7383333333
3258,525000,621386.6666666666
1264,50000,4432284.166666667
2226,750000,670764.1666666666
1510,1275000,1127806.6608333334
2702,265000,333532.9166666667
2804,880000,770825.8291666667
4375,300000,332705.64
1054,175000,193583.665
2572,1059000,1007149.1666666666
441,225000,192024.24916666668
1951,335000,304909.1666666667
5188,650000,616927.5
1169,920000,679461.8038888889
509,225000,177729.99333333335
4155,470000,544841.7841666667
988,145000,137237.9975
1974,595000,326702.2866666667
4809,450000,609565.7275
34,1220000,950378.99
2623,1290000,1235279.3383333334
1132,92000,128438.66666666667
4224,270000,294400.0
2460,335000,358738.3333333333
670,425000,374776.4766666667
3423,280000,312268.235
3097,565000,489860.8333333333
2919,395000,457940.00833333336
3535,590000,632964.1616666666
2557,700000,623650.0008333334
4943,460000,711773.4191666667
3928,3800000,1309792.6383333334
528,90000,115354.16
1222,150000,207375.82916666666
718,355000,356117.0958333333
4759,300000,381621.3375
3940,625000,642045.0
1196,985000,944805.0008333334
677,530000,747665.605
3193,335000,352702.96
1634,400000,316408.395
3224,385000,366428.2916666667
10,45000,163773.83166666667
4222,435000,414671.48833333334
4365,875000,705321.6666666666
4422,297000,399072.50166666665
56,260000,277581.6666666667
2381,750000,749645.8333333334
2312,515000,416411.6666666667
4318,125000,115111.66666666667
1677,120000,133490.825
4252,420000,412808.3333333333
4522,450000,324957.3333333333
2337,265000,281536.79083333333
2882,565000,544008.8078571429
4840,495000,572112.725
2498,41000,61864.84166666667
3575,250000,392342.5
4198,720000,635542.9908333333
4695,450000,512606.99583333335
4661,350000,505507.405
2416,850000,770934.1625
3379,125000,158093.98833333334
619,785000,711531.4825
3284,240000,239614.995
3570,260000,238595.83333333334
2392,300000,495012.9525
667,520000,731615.0
4632,270000,282414.1666666667
2811,160000,348821.64
1650,70000,242514.53583333333
3181,540000,663034.4444444444
4609,1400000,768911.965
3048,715000,749880.8333333334
5113,2500000,1082056.6666666667
1528,95000,128869.83333333333
2603,535000,465626.3325
1008,305000,300945.625
4416,1475000,1360167.5
5061,175000,188315.0
1058,570000,593658.3325
3912,275000,386199.72
2638,110000,117595.0
2750,325000,297157.65194444446
2284,495000,440080.0
5041,350000,441350.0
216,320000,266356.38666666666
4434,240000,170231.24916666668
1464,440000,480806.07916666666
3497,1800000,1658749.1225
1067,260000,259962.28916666665
4113,600000,573641.6675
2182,138500,169663.3225
3200,3200000,2932734.1666666665
4808,545000,840937.375
2783,141000,168874.165
2592,550000,617737.5166666667
657,500000,469775.8333333333
946,5450000,4976145.833333333
1661,245000,198678.8325
896,640000,742606.6458333334
715,650000,667089.5369444444
4703,625000,886175.0
1691,275000,350879.24083333334
1965,1590000,1262468.3333333333
4090,249000,232319.165
3320,470000,497266.6666666667
4535,500000,610044.4016666666
775,80000,97569.16666666667
1683,210000,175959.57916666666
3143,475000,448087.7775
2533,450000,428769.1666666667
3668,1400000,1350533.9733333334
4218,945000,857927.5
2932,1350000,1802414.5833333333
1118,95000,175413.82583333334
4680,265000,259368.33333333334
533,890000,833552.59
4803,315000,231730.83333333334
4470,625000,606098.3258333333
990,1300000,1006664.0277777779
1021,140000,223899.93416666667
3689,300000,548302.4225
3247,1250000,1274023.0766666667
1043,635000,650120.5091666667
1828,238000,258377.08166666667
1637,180000,217487.91416666665
2027,890000,786426.965
1462,1050000,820954.1666666666
4125,651000,654497.2783333333
1869,220000,210010.0
4164,975000,688094.9975
5237,3000000,2909306.8849206353
4510,475000,392768.3333333333
2931,300000,230428.24916666668
3025,260000,272888.7033333333
3640,220000,249000.4365079365
3290,885000,859500.0
1382,975000,904026.775
3568,210000,219760.55555555553
103,400000,521135.0
2415,1490000,1342408.3241666667
3034,575000,594829.1708333333
3868,170000,242056.66666666666
4967,250000,308247.06583333336
53,925000,670531.6666666666
3750,390000,398380.0
3885,1500000,1744689.1
223,245000,362030.0833333333
1225,175000,178167.49416666667
4170,350000,644493.25
5011,1600000,1549779.1666666667
5265,630000,576796.6666666666
4886,415000,523070.925
519,175000,223159.83166666667
1255,210000,211823.33083333334
2124,850000,899349.4083333333
2215,425000,476544.7222222222
5062,140000,145438.33333333334
5151,670000,359126.6666666667
4323,640000,604279.1666666666
4223,426000,426290.0
4220,800000,748559.9433333334
3033,495000,540396.989126984
1753,267000,237017.5
4024,270000,273673.5916666667
3268,365000,413288.33416666667
4005,50000,67405.83333333333
2969,995000,1072654.09
3456,520000,490727.5
659,589000,566275.0666666667
3627,300000,302447.32
1032,1050000,913289.9058333334
2134,250000,497301.7125
3075,385000,380145.29833333334
1924,280000,273926.66583333333
2476,685000,726673.1658333334
2487,525000,468447.5
104,220000,267146.665
1402,80000,136100.41666666666
2253,275000,260787.49916666668
1195,715000,723704.1666666666
2091,295000,269351.9141666667
4062,300000,365790.92333333334
4763,550000,613159.8333333334
4723,340000,328172.5
2965,650000,767969.98
766,265000,259061.66583333333
3697,375000,377710.5555555555
3611,260000,242129.16333333333
1911,95000,260720.8325
3553,590000,640361.4033333333
133,215000,331628.2638888889
1163,790000,812522.4958333333
711,99000,79827.08333333333
446,521000,660424.1633333333
1669,875000,802879.1666666666
3863,650000,249513.14666666667
543,1649999,1808412.2916666667
370,140000,286673.5416666667
4817,875000,762633.3108333333
1139,1000000,1282262.5
3756,140000,152878.61111111112
2752,590000,662767.915
3753,315000,344185.8516666667
3623,391000,528110.0
4495,2300000,3490698.97
3195,65000,69226.96833333334
4567,540000,526199.9991666666
2937,300000,300486.94416666665
3969,3011000,3048665.8333333335
306,495000,556844.1666666666
1287,100000,92803.75
4465,540000,507748.0630555556
2328,725000,225265.83083333334
1636,425000,357464.1666666667
4775,430000,434026.38666666666
5087,550000,353427.5426190476
1793,240000,214983.33166666667
2047,525000,539244.1716666666
4387,350000,544926.9041666667
3509,470000,575010.8325
2726,40000,90712.91666666667
3464,160000,181027.5
5095,700000,881158.75
205,240000,254333.0775
4026,755000,761010.8366666667
3393,990000,881575.4583333334
4255,300000,301684.2075
2586,51500,80984.16666666667
1028,325000,360692.49833333335
3369,77000,87165.0
2351,495000,518910.8275
3636,351000,379877.5
4665,850000,862694.15
4025,130000,261950.8325
328,750000,753247.4058333334
919,265000,288001.6666666667
4182,525000,536979.3558333333
3101,1150000,1017644.6433333333
673,675000,497011.6666666667
5109,1300000,917287.0716666667
3741,1500000,1234320.8333333333
3977,600000,428035.8333333333
3676,450000,573316.6666666666
663,200000,190807.91666666666
3331,950000,914488.4258333333
2459,2500000,2679088.095833333
4268,430000,430549.1666666667
888,390000,489974.1666666667
3274,569000,587177.4175
4589,1175000,1091493.3333333333
3251,1350000,1633133.3333333333
3698,90000,176776.73777777777
5210,1190000,998920.0
3692,475000,484674.5366666667
568,290000,457239.92916666664
2550,546000,480014.9925
1657,262000,217607.39916666667
4577,410000,552375.9713888889
984,645000,667630.4166666667
2240,990000,1513943.7116666667
3603,100000,446800.0
4321,520000,511515.8333333333
4988,470000,445609.25
3488,400000,501972.45166666666
1090,3700000,1720590.73
868,475000,496571.6666666667
3213,2500000,2679221.0725
3490,150000,168761.5
3714,250000,240761.66166666665
2913,135000,171321.66583333333
5124,350000,312377.5
3881,225000,311409.10833333334
4668,890000,848336.0183333333
3245,401000,506601.8416666667
1221,175000,249233.33333333334
692,345000,318161.25
1724,88000,587860.7908333334
461,1551000,1084710.0
4881,875000,843987.5
2697,315000,320652.5
2880,880000,636932.3333333334
4098,350000,307158.0966666667
3701,525000,594841.6641666667
1959,545000,371265.435
3345,511000,535256.1666666666
1985,155000,68541.66666666667
3471,115000,199066.83333333334
2031,550000,597681.4783333334
3779,550000,591958.3325
1443,550000,380067.86333333334
532,840000,833588.3333333334
2606,3050000,3692360.8333333335
1303,490000,437745.0266666667
852,360000,317207.9075
1327,620000,939945.8308333333
2095,77000,84317.62
2732,290000,382022.5
1726,75000,64893.75
318,1165000,943449.1666666666
1213,15000,872773.3316666667
3408,150000,90921.01833333333
3269,360000,362466.66583333333
960,3975000,1964063.3333333333
3514,470000,476948.57916666666
1116,810000,722615.5541666667
3655,485000,459690.8333333333
4743,625000,886175.0
154,3190000,4029596.6666666665
1291,200000,471343.2216666667
1835,349000,309447.5
1399,350000,322964.5833333333
4275,300000,298441.6666666667
2950,610000,690523.5108333334
2737,245000,247085.83333333334
1249,485000,497343.20353174605
3282,1025000,1226848.5066666666
3232,420000,476856.795
2660,140000,134797.87
3137,321000,399361.80222222226
1148,275000,368325.8333333333
5288,625000,616218.3325
2379,2500000,2963718.3333333335
3461,720000,798127.9525
3760,520000,475285.8333333333
4185,620000,675338.7491666666
1823,450000,394270.4125
403,77777,37820.0
4411,3600000,4207008.333333333
1858,365000,286131.6741666667
4043,200000,232115.0
459,365000,464244.9166666667
1239,570000,412340.12
3093,280000,270980.0
1937,4800000,4481133.333333333
3415,280000,355151.94333333336
4692,1450000,1480429.1575
2515,325000,344859.87
688,1265000,563744.4444444445
5039,300000,319950.0
270,215000,236414.16666666666
4302,300000,301684.2075
2688,95000,96390.49416666667
61,450000,576124.9991666666
1176,160000,155162.5
3115,100000,155340.0
2889,385000,350101.24666666664
1615,685000,808401.6658333334
4517,790000,697287.3316666667
4919,120000,238233.33333333334
5244,425000,344853.3333333333
5003,430000,501358.87
1760,275000,249315.83166666667
3519,1175000,1543383.315
2537,245000,324878.81666666665
949,165000,207198.33333333334
2728,350000,398426.66333333333
492,650000,580452.7491666666
2517,311000,329218.325
1063,2200000,2348835.3571428573
3279,745000,735872.5
4631,550000,447089.67333333334
2719,660000,672354.5833333334
2478,475000,463392.5027777777
735,122000,97236.66583333333
2437,290000,289157.3563095238
4896,260000,197575.92583333334
4678,535000,572055.7483333333
1907,159000,201866.665
839,175000,192368.33416666667
4735,450000,512606.99583333335
845,185000,219209.995
2514,3050000,3692360.8333333335
5029,625000,621795.0
406,530000,776981.6641666667
2362,485000,381334.16333333333
3879,245000,263617.865
1007,315000,342528.5416666667
282,145000,128758.3325
2479,425000,525713.3333333334
148,250000,352224.5366666667
1372,130000,170675.0
4768,425000,323959.99583333335
3525,495000,515569.1666666667
1644,279000,265642.49916666665
4882,82000,93835.41666666667
1605,475000,322886.6666666667
5241,1450000,564655.2852777777
1194,560000,575352.5
818,200000,178888.33333333334
2683,100786,103640.41666666667
4520,300000,312010.8333333333
2349,199000,173647.96583333332
3125,270000,336777.32166666666
426,85000,110119.16666666667
3502,300000,385594.9066666667
4190,360000,347914.7
3522,295000,274381.54927248677
2307,685000,660775.0
2807,167500,208995.875
1216,15000,498373.33166666667
561,1600000,1236570.8308333333
3189,551000,514882.9166666667
935,1390000,1530874.9175
1430,120000,292935.0
903,365000,351068.4066666667
2797,55000,48724.583333333336
4316,210000,204847.99833333332
1926,640000,613224.8133333334
119,435001,562309.7533333333
3424,560000,584328.6191666666
4546,2385000,2098839.424603174
3823,265000,240358.32666666666
3677,150000,190480.0
4101,375000,414799.99333333335
2720,931000,1007393.8825
1857,645000,609379.7222222221
3260,475000,474862.5
3583,2000000,1647987.4266666668
1387,440000,470930.82
125,670000,499344.99916666665
4530,425000,348035.0
3198,3350000,2660707.98
4388,1120000,842620.6591666667
2202,85000,90161.66666666667
1975,550000,549217.5
21,875000,843555.8283333334
1912,240000,219040.4075
527,190000,228335.0
3660,105000,119300.0925
4973,950000,850754.165
3358,440000,501602.25916666666
4489,1000000,996999.5833333334
1112,180000,245057.87
266,179999,343147.5
681,415000,416977.5
3933,180000,188871.65916666668
3433,685000,688664.1666666666
2131,725000,558125.8316666667
3542,825000,781370.0
5089,780000,754786.0825
4235,220000,232628.33333333334
2620,311000,339793.3325
93,195000,237348.3325
3130,1250000,1583224.1408333334
4818,150000,169425.83333333334
1800,349999,295637.5
1788,195000,171554.24833333332
4282,300000,283715.27694444446
4304,350000,337596.6666666667
697,2651000,2930930.8333333335
2263,210000,166929.165
2773,289000,235668.75
4822,275000,290904.0
1070,280000,494982.22138888895
1659,1180000,872971.7155555555
3515,625000,522611.31333333335
926,2500000,2284590.8333333335
2687,225000,247139.16416666665
2229,3100000,3476099.8158333334
5008,640000,604279.1666666666
3658,385000,457335.8383333333
5024,675000,611361.6666666666
4904,650000,745625.8333333334
1582,1050000,847397.5
5044,490000,498056.25
2505,620000,197083.025
640,210000,183117.26333333334
1459,2000000,2238317.49
573,2050000,1887314.5833333333
229,195000,129149.0
1374,275000,289260.8333333333
3254,795000,920883.3333333334
2262,555000,463685.46166666667
4456,455000,465078.6666666667
1942,110000,111067.0925
712,140000,201062.4975
4049,411000,455353.335
3945,90000,156554.33083333334
4944,125000,102927.49583333333
2020,525000,373436.6666666667
1275,260000,247139.62301587305
4405,360000,664754.1483333333
2238,395000,413347.5
2021,800000,419882.99833333335
1095,430000,413611.12
189,295000,446821.66583333333
2144,629000,481699.2033333333
3091,585000,626778.8070238095
387,150000,185843.32416666666
2230,675000,550300.9608333333
4361,625000,886175.0
247,865000,962565.8333333334
3077,320000,355011.4583333333
4633,100000,74254.58333333333
1418,310000,337978.20166666666
3695,550000,397503.875
1696,460000,441433.3333333333
179,611000,612396.6675
2221,1600000,529917.9466666667
2298,110000,144837.49916666668
2219,620000,652258.2225
1279,185000,203546.23083333333
2940,187000,238206.57333333333
1725,350000,552601.1908333333
4864,780000,1325519.9975
522,525000,544061.6641666667
2372,220000,222956.48833333334
212,76000,83038.75
1168,900000,897614.0725
3341,575000,590091.6666666666
3483,465000,452741.17583333334
4529,160000,193939.99166666667
4507,1450000,1093779.1666666667
3081,150000,144554.16666666666
4711,750000,700802.4991666666
4459,2500000,3038203.2016666667
232,120000,113773.635
456,821000,723722.9133333333
4616,550000,624405.7208333333
2466,319000,358567.9166666667
1174,530000,500841.2025
3862,1500000,900495.0
3489,390000,280208.81
1803,710000,607513.3316666667
3899,300000,318642.49583333335
4312,430000,449733.5825
2490,299000,350853.3333333333
1565,670000,678813.6916666667
3946,125000,164640.91416666665
273,545000,574837.9841666666
3212,531000,610519.7020238095
2520,550000,373733.61
2731,890000,893497.7641666667
3702,560000,462269.99916666665
618,675000,725483.3316666667
2157,120000,84931.66666666667
4030,560000,548199.1666666666
3926,275000,294182.77
1519,285000,378819.7191666667
4358,875000,867383.3333333334
574,53000,72498.33333333333
3644,65000,121176.99833333334
4381,999000,909128.0825
4938,390000,504400.70916666667
4857,225000,313570.0416666667
4705,975000,789705.0
1530,1420000,160563.32916666666
3038,350000,295570.6325
507,485000,798302.0808333333
3070,731000,894138.9766666667
2495,170000,229483.22916666666
3801,510000,544948.4491666667
725,480000,523191.47833333333
2006,430000,414098.155
221,1450000,1672036.5191666668
3720,1120000,768657.2525
937,250000,222095.88797619048
3238,485000,466678.885
2782,200000,209257.4925
4930,1750000,1824252.0833333333
2147,675000,549011.6575
2648,151000,205760.41666666666
1361,575000,697740.8333333334
3011,135000,135110.7725
3964,590000,589059.0003571429
3902,350000,880351.6666666666
741,96000,94380.5
2607,2175000,2436961.6666666665
145,65000,69130.96333333333
4463,290000,250082.0825
530,775000,750962.2391666666
4925,3500000,2159164.0
5279,285000,361010.8333333333
1817,465000,502966.6666666667
665,280000,272316.875
5271,350000,644493.25
4717,550000,546485.0
2662,251000,295290.27777777775
1536,165000,174000.83333333334
4015,480000,431411.83416666667
2543,350000,366410.8333333333
5031,950000,687837.0833333334
1170,1325000,875262.3825
2173,660000,622400.8333333334
1589,525000,594214.9416666667
439,350000,380134.94416666665
1192,695000,511720.8575
4054,150000,229075.82583333334
614,320000,515574.49916666665
5261,2700000,2292724.4683333333
2115,720000,554561.6666666666
3882,595000,755799.1666666666
4906,395000,301721.62416666665
3510,545000,460466.6666666667
1936,825000,760548.8333333334
1632,545000,731142.1141666666
810,1150000,932734.2591666667
542,50000,146075.5
2194,2075000,1548069.0416666667
4878,677000,590445.3333333334
4727,225000,228771.66666666666
3178,725000,638662.5
4359,218000,198490.41583333333
2217,425000,416899.1666666667
2892,550000,1090499.5833333333
4130,250000,591399.9691666666
339,155000,198358.33333333334
2558,425000,358870.8333333333
3576,495000,303972.5
411,620000,288854.1666666667
2877,711000,621073.1466666666
1791,625000,524820.1116666667
2879,520000,607976.6666666666
251,60000,408869.1666666667
4249,340000,619709.5833333334
1609,945000,885718.6733333333
4527,970000,1080185.277777778
434,624999,680242.3216666667
1748,695000,593658.3325
1135,440000,428305.80333333334
1377,98000,333094.16583333333
2881,311000,395863.2083333333
759,315000,299141.4583333333
1157,2775000,3022261.6666666665
2338,600000,424277.6516666667
1069,375000,469859.1666666667
245,70000,142884.99916666668
483,381000,415907.49
2712,734999,780563.9733333334
2612,1875000,1901887.5
5019,650000,655957.0241666667
2151,560000,578404.505
3942,695000,618215.2777777778
5198,310000,181920.0925
2434,485000,587781.7483333333
1436,50000,301465.87
4672,750000,700802.4991666666
1882,980000,1036970.0
4078,370000,356764.50166666665
351,430000,392149.99666666664
5108,720000,666487.405
1307,450000,534896.6666666666
2936,1025000,1178899.9441666666
334,231000,237669.44444444444
3873,99999,93188.33333333333
2137,375000,331805.83166666667
4660,1290000,884599.625
4961,175000,190668.33166666667
5182,1400000,925164.9991666666
2358,325000,231058.33
3006,450000,483937.4658333333
291,75000,132436.8925
3669,450000,761893.3333333334
1328,105000,114985.685
3819,295135,281723.92833333334
4051,125000,107995.86333333333
2953,1375000,1265983.3333333333
1602,295000,232451.66666666666
27,371000,382653.1533333333
2005,265000,146428.9875
3205,275000,429121.1283333333
2324,725000,698450.2191666666
2163,735000,668818.75
696,625000,713119.9983333333
811,235000,199077.99916666668
4734,650000,605656.9858333333
4187,405000,291459.99833333335
1177,355000,460467.50416666665
518,240000,314596.6625
5213,975000,688094.9975
1381,560000,594642.5
2464,425000,435798.3333333333
4821,765000,749903.865
593,550000,616235.8845238095
2745,451000,583004.2858333334
2894,411000,603438.8583333333
872,380000,373087.74833333335
4386,475000,471682.13666666666
3599,535000,478265.8333333333
1567,680000,461625.0
841,225000,291433.33166666667
5004,3975000,3145070.5516666668
24,140000,123685.0
566,150000,224542.5
2248,630000,540448.3333333334
2198,450000,336732.49833333335
5051,670000,741378.75
2255,495000,457891.6666666667
2856,450000,544742.5008333334
1238,395000,456664.99916666665
1718,450000,318185.8333333333
2832,725000,674605.1808333333
3230,575000,570803.3458333333
632,485000,513569.1666666667
5191,1175000,753096.6666666666
3833,139999,341738.6041666667
2991,675000,482952.25388888887
2306,645000,536802.5
2241,425000,369767.42063492065
3374,270000,345716.6666666667
5281,360000,302919.0733333333
4332,100000,61242.5
5136,6500000,4360570.833333333
994,235000,250736.66666666666
880,265000,208323.3275
63,399999,532494.3733333333
1847,118000,118721.81083333334
2274,110000,227242.5
1469,685000,706082.48
3564,125000,133584.8125
671,551000,513638.3325
740,142000,164358.3325
2175,1099000,744101.25
3582,425000,579394.1666666666
679,540000,541947.2205555557
4824,1100000,689944.1666666666
1919,585000,387717.31333333335
3278,825000,802558.72
4407,625000,588169.3154761904
4145,110000,168593.33333333334
1010,165000,182911.2425
4568,1925000,1934196.324404762
3259,400000,500437.7747222223
3105,330000,391580.8358333333
540,949000,1018271.0325
4167,839000,803142.5
4200,845000,794469.9991666666
3028,349000,389596.7916666667
1079,530000,478872.9166666667
3880,215000,284612.49583333335
3264,550000,533305.4166666666
4247,850000,814401.3833333333
3857,650000,705840.8233333334
2622,310000,307346.8154761905
608,180000,187409.58333333334
963,1333500,214234.9625
583,600000,521601.99916666665
898,160000,138957.0825
66,190000,423876.0366666667
577,185000,246699.58333333334
1125,500000,189089.16666666666
4685,285000,276900.8333333333
1272,1675000,1763579.1625
2999,1490000,1276363.3333333333
5058,200000,224498.95833333334
709,135000,182003.33333333334
437,100000,109484.99916666666
3613,625000,739456.5277777779
79,295000,260926.66583333333
2329,375000,198098.28083333332
2915,265000,383360.00083333335
4894,100000,133376.55
5028,475000,453513.3333333333
2828,150000,143287.18166666667
106,310000,299756.0416666667
2547,395000,449985.8333333333
4020,350000,604607.0216666666
3736,890000,889874.6583333333
122,225000,450949.1675
3894,145000,2832093.875
4751,325000,319997.49833333335
658,495000,453240.0
3242,650000,581101.6666666666
357,165000,139219.70833333334
729,1075000,736504.1666666666
948,1690000,1421365.0
1783,540000,516681.0391666667
2104,525000,368213.6016666667
977,625000,674672.5
5070,1485000,1303499.1658333333
4208,435000,414671.48833333334
1004,695000,597015.8333333334
4424,550000,481550.0
2285,675000,470289.175
3947,150000,152447.91666666666
678,310000,291558.80916666664
3359,161000,191943.33166666667
5063,275000,311066.6666666667
835,65000,62812.083333333336
478,325000,328299.5833333333
1253,525000,490237.15853174607
1504,445000,429320.8333333333
4292,470000,533652.5833333334
4228,675000,651190.3983333333
1506,320000,371436.6666666667
2723,400000,271413.3333333333
2320,415000,355292.87
4553,485000,318947.5
895,400000,441222.085
294,245000,342690.0
2364,399000,362289.1666666667
1476,185000,234547.79265873015
1086,70000,73933.33333333333
2002,500000,582001.2425
1167,910000,683522.7238888888
4002,550000,409926.0266666667
596,470000,677527.4991666666
2857,490000,663324.0
4602,470000,440668.1433333333
4487,625000,383575.7766666667
3966,849999,803075.8333333334
3095,640000,630389.8775
2296,50000,71195.0
2792,285000,389315.9166666667
2463,275000,321437.77
3685,90000,138501.665
4336,850000,862694.15
3706,300000,229957.5
5092,460000,468233.05833333335
3965,925000,1000153.3333333334
794,252000,276787.5
3249,183000,236032.02666666667
2637,4500000,4027120.7325
4251,425000,508656.37
3035,400000,462564.99666666664
4274,275000,227434.93055555553
3402,45000,111040.08333333333
4587,3850000,2178694.9991666665
1285,5500000,1938648.3333333333
3806,200000,284964.16333333333
2657,2250000,2085629.2591666668
592,95000,138810.83333333334
4716,575000,585473.325
4556,520000,567268.3333333334
1411,560000,657066.2441666666
3956,90000,90360.5
4908,495000,409035.0
3730,350000,322390.4766666667
743,1295000,1040296.6558333334
4831,250000,461315.8333333333
4092,300000,454511.9444444444
4430,210000,216345.0
733,170000,257717.49583333332
4451,125000,115111.66666666667
2181,210000,276094.1666666667
1266,800000,714895.8333333334
3922,510000,408033.2875
382,2660000,2842261.5
2895,180000,280871.1475
1114,15000,1356296.3925
780,210000,304397.00166666665
4850,3850000,2178694.9991666665
4707,585000,609181.665
415,590000,584291.6666666666
2914,2400000,1620292.375
3332,150000,186439.11
4839,750000,606360.8058333333
2844,285000,323243.2725
1348,535000,543759.525
3317,445000,479371.2033333333
1256,189999,189689.99416666667
1149,460000,312072.5
2798,730000,734249.1666666666
2373,285000,236181.48833333334
723,295000,280744.1666666667
4074,58000,58065.833333333336
805,365000,392670.0
2327,475000,687888.4258333333
3078,215000,293791.5725
5047,350000,398051.66333333333
4033,65000,45344.166666666664
683,2400000,2930939.1658333335
1729,675000,498998.56416666665
4554,720000,666487.405
871,125000,184738.33166666667
5227,810000,666908.4258333333
4106,370000,413558.85912698414
1380,245000,244984.04761904766
4774,650000,600685.0
4721,475000,467822.5
2402,195000,326725.2775
4045,320000,410663.3333333333
5127,295000,283217.0366666667
4324,275000,227434.93055555553
3557,1800000,2256527.89
444,399999,338487.7216666667
690,545000,605713.4183333333
4498,630000,648692.5
2384,150000,110360.77333333333
1187,745000,486001.1419444445
4969,545000,448732.5
1889,330000,233835.00916666666
4067,285000,280235.0
3732,15000,336463.1066666667
2708,265000,263515.655
4780,1200000,873988.3216666667
3001,60000,64404.583333333336
193,2275000,1377515.7
514,175000,292784.4175
4617,500000,371864.2341666667
1877,295000,448190.8333333333
5268,350000,394189.375
1811,750000,743901.25
269,520000,642027.915
4075,55500,51262.083333333336
5204,1250000,1127796.48
3026,499000,552550.3308333333
4932,925000,779044.1661904763
4656,6500000,4360570.833333333
1848,750000,749645.8333333334
2061,650000,443547.49583333335
993,325000,411920.0
1802,1050000,1000288.3333333334
3878,475000,540808.625
3356,440000,449305.0341666667
4246,335000,397416.6666666667
4525,1345000,977177.4966666667
2649,385000,488592.22
1616,1375000,776459.1658333334
1836,535000,320128.3333333333
1312,1900000,1675026.4333333333
4836,585000,609181.665
5171,285000,276900.8333333333
3047,85000,70099.43666666666
424,355000,364551.6583333333
2246,480000,438849.1725
563,1150000,995622.5
5193,600000,577513.3258333333
1666,228000,190899.16666666666
4607,600000,269161.5
4611,900000,864258.3291666667
2734,210000,202367.5
305,125000,162267.4975
1034,60000,61104.583333333336
4702,125000,122310.25
1051,260000,291705.8258333333
3299,450000,406979.8333333333
2869,461000,466205.6727777777
3588,225000,222764.16666666666
5080,1370000,1301939.9975
4728,1350000,1365665.7333333334
98,225000,278965.0
1313,430000,398725.0
2012,900000,219181.38416666666
1475,285000,321521.6666666667
1182,135000,125619.16583333333
398,1095000,1051443.3333333333
2336,130000,115556.75916666667
644,448000,403611.6666666667
3186,540000,486180.655
1267,1600000,1249970.6475
2465,675000,730743.3266666667
363,1951000,2750421.5825
4244,580000,526337.9766666667
1731,100000,69794.465
5037,280000,321695.8333333333
3436,190000,225190.83166666667
3237,260000,272888.7033333333
5139,225000,226481.66666666666
4561,350000,389997.5
3574,290000,365458.9191666667
1728,450000,481404.75
3403,150000,174590.06166666668
4654,550000,476055.58805555553
1588,540000,667488.6266666667
2698,699000,709108.3333333334
1982,170000,154331.99833333332
121,200000,301498.87
4575,1750000,1824252.0833333333
3641,280000,337385.8325
3185,385000,377224.1666666667
836,40000,58354.166666666664
3594,535000,411129.1666666667
5112,545000,500664.4166666667
165,230000,358247.5
2014,53000,75319.16666666667
4353,375000,379591.625
1276,1260000,1088405.1813888887
821,85000,68836.66666666667
2494,300000,251691.32936507935
5154,775000,771829.7166666667
773,135000,136642.4975
3315,420000,641916.4991666666
3913,650000,625580.3258333333
3500,470000,500365.83166666667
1496,860000,1039192.5
2581,625000,517714.1666666667
1024,660000,531553.3333333334
3156,850000,760050.805
2409,425000,466949.1666666667
1814,105000,95124.99083333333
4741,218000,198490.41583333333
550,825000,1229609.99
1954,2800000,2785998.6858333335
155,170000,170367.5
1525,45000,43426.25
5185,800000,637410.8283333334
1284,280000,237112.08333333334
4038,325000,502670.8275
4452,850000,890822.5
4417,280000,288097.2575456947
965,260000,265584.6433333333
793,140000,149334.16333333333
4935,745000,655183.7025
2318,640000,682848.3333333334
3311,900000,954080.7875
3296,265000,290127.7658333333
4196,875000,896734.5825
3045,240000,270780.83305555553
3448,660000,572062.5
5164,2000000,1884686.1111111108
4194,550000,385918.5733333333
2123,250000,224497.5
2902,850000,987091.265
4013,671000,771727.4933333333
1001,900000,500119.99416666664
3159,640000,658770.93
1786,360000,322636.6666666667
3371,471000,449924.1666666667
249,225000,174492.90166666667
2278,340000,283875.00333333336
4854,480000,661932.025
376,3275000,4236033.333333333
3263,475001,472144.16583333333
4367,435000,360441.6666666667
1804,395000,392113.3258333333
175,235000,347455.8333333333
1732,730000,632549.8991666667
1295,25000,1474480.8025
2887,110000,193368.3325
1734,250000,224497.5
2905,210000,224593.88888888885
4060,995000,996315.8333333334
4875,645000,710277.4908333333
1899,200000,199998.33333333334
3229,399999,663991.1666666666
377,250000,200274.16666666666
1172,180000,368843.9294444444
274,1595000,1845272.371031746
3738,232000,165930.83333333334
830,1325000,785182.5
939,90000,97909.16666666667
2945,200000,203171.665
4595,175000,305696.17333333334
2675,365000,374951.5491666667
523,895000,777034.5833333334
2949,1100000,669240.1191666666
3192,845000,642489.8308333333
2886,150000,263016.665
5257,550000,551082.6191666666
1211,15000,186004.1325
4841,525000,849930.9258333333
1193,535000,585483.1875
4877,410000,505532.5
4515,275000,290904.0
1831,510000,368635.81416666665
3617,825000,437423.3333333333
1745,189000,142366.66083333333
2204,265000,246681.74
3503,699000,655727.0758333333
4046,800000,853057.5
1994,215000,175129.99833333332
4485,850000,862916.2916666666
2082,495000,308591.66583333333
1015,625000,770837.5
1821,325000,308930.7788888889
4804,1050000,938571.7583333333
1162,178000,170728.0
1576,60000,166740.0
4913,1850000,2858336.6666666665
3792,411000,401270.7916666667
1362,155000,224565.0
1378,200000,690927.5
2834,1051000,1350013.7433333334
2042,570000,809396.25
5096,275000,266962.49916666665
1628,170000,111377.7775
5048,200000,350818.3333333333
45,142000,133952.89416666667
953,200000,218772.91666666666
4432,175000,176022.91583333333
4622,650000,629938.6111111111
5094,100000,115414.16666666667
4534,475000,604186.25
646,689000,727275.8333333334
1524,180000,210899.165
2628,815000,766462.5
4551,950000,953086.6591666667
4154,135000,151622.0625
801,570000,484820.8333333333
2192,865000,817795.0
3100,1500000,1377902.2658333334
1097,95000,187463.98833333334
4171,260000,327768.2233333333
3733,850000,1144887.3216666668
3740,475000,567492.45
4994,300000,319711.6666666667
2467,310000,529677.615
1485,565000,563623.0233333333
4579,475000,479984.7222222223
3486,685000,436397.06
3821,58000,128442.66666666667
3414,800000,652678.5745238096
1156,235000,220313.8963095238
4297,340000,619709.5833333334
660,900000,640983.3733333333
4263,430000,449733.5825
1515,200000,146886.24916666668
3018,420000,476856.795
1763,277000,204294.66166666665
974,1200000,832526.665
986,625000,623427.6016666667
2759,451000,513303.8888888889
108,400000,670220.9291666667
2758,360000,278292.58
4183,440000,419916.2
3584,190000,265101.6666666667
4143,375000,434130.0
685,280000,278175.0
772,190000,248855.0
4039,225000,76760.0
3875,650000,647276.665
3832,235000,243877.5
3645,290000,299807.2916666667
3649,485000,366378.30333333334
495,350000,348105.8333333333
3712,635000,662942.4683333334
237,240000,290010.8333333333
2436,99000,105369.67583333333
1201,415000,483549.9708333333
2639,99000,120549.16666666667
4111,350000,527671.6658333334
354,4750000,4518312.5
5278,310000,437045.8325
3678,335000,306699.1625
918,60000,94414.58333333333
3446,290000,261797.5
3322,315000,475972.5
3587,310000,300958.125
1769,465000,412254.3566666667
2941,820000,752506.3258333333
1115,215000,270624.1666666667
534,320000,348859.44333333336
244,450000,270276.25
3265,350000,398314.24833333335
1320,855000,314946.3883333333
3566,1050000,1339650.0
1539,445000,423095.8333333333
5133,290000,267126.6666666667
2725,410000,419568.50166666665
5111,510000,512031.66
1502,525000,541425.8333333334
1767,399000,503500.57166666666
3924,565000,514014.06416666665
2022,525000,520575.0
2422,1051000,1221642.93
3217,460000,678937.5
1778,635000,967649.9991666666
5245,450000,294232.76666666666
1466,395000,422510.6721428571
2183,400000,335320.8333333333
5251,404000,350264.1666666667
4694,650000,605656.9858333333
4116,350000,596447.68
4958,300000,284299.5833333333
3114,125000,148902.85083333333
4557,575000,609960.0
2390,3300000,3854753.3333333335
1057,280000,356907.5
1624,1320000,1135065.8308333333
3799,150000,221264.95416666666
3447,490000,404116.6666666667
1145,350000,328494.1666666667
2552,145000,269779.9766666667
2026,175000,139616.66666666666
5000,525000,496159.1666666667
828,520000,636009.7222222221
1590,100000,73167.5
578,380000,398708.74916666665
231,600000,616927.5
3758,1450000,1292619.9066666667
4907,700000,672401.7083333334
1781,535000,745630.8308333333
1003,268000,292262.49833333335
272,625000,563501.6666666666
2594,260000,310995.0
1357,110000,116957.49916666666
1306,300000,412645.0
1453,1150000,792114.9975
5202,890000,704004.1666666666
243,650000,611156.0305555555
5156,450000,436248.3333333333
3571,120000,201654.98416666666
65,165000,316986.88333333336
4029,225000,259444.99916666668
3148,990000,1122568.2125
1133,150000,162692.49583333332
1947,499000,400357.5391666667
2287,750000,729270.7225
1977,375000,412326.6666666667
668,375000,341750.6666666667
1916,586000,530112.5
3294,96000,130042.99916666666
